A1_29	Avviso aggiudicazione direttiva generale, regime ordinario. Articolo 50 della direttiva 2014/24/UE; Articolo 111 decreto legislativo 36/2023.
A1_30	Avviso aggiudicazione direttiva settoriale, regime ordinario. Articolo 70 della direttiva 2014/25/UE; Articolo 163 comma 2 decreto legislativo 36/2023.
A1_31	Avviso aggiudicazione direttiva difesa. Articolo 30, paragrafo 3, della direttiva 2009/81/CE; Articolo 23 decretoegislativo 208/2011.
A1_32	Avviso di aggiudicazione di una concessione, direttiva concessioni, regime ordinario. Articolo 32, paragrafo 2 (riferimento all’allegato VII), della direttiva 2014/23/UE; Articolo 182 comma 11 secondo periodo e comma 12 decreto legislativo 36/2023.
A1_33	Avviso di aggiudicazione di un appalto, direttiva generale, regime allegerito. Articolo 75, paragrafo 2, della direttiva 2014/24/UE; Articolo 127 comma 3 decreto legislativo 36/2023.
A1_34	Avviso di aggiudicazione di un appalto, direttiva settoriale, regime allegerito. Articolo 92, paragrafo 2, della direttiva 2014/25/UE; Articolo 173 decreto legislativo 36/2023; Articoo 127 comma 3 decreto legislativo 36/2023.
A1_35	Avviso di aggiudicazione di una concessione, direttiva concessioni, regime allegerito. Articolo 32, paragrafo 2 (riferimento all’allegato; Articolo 182 comma 11 secondo periodo e comma 12 decreto legislativo 36/2023.
A1_36	Avviso sui risultati di un concorso di progettazione, direttiva generale, progettazione. Articolo 79, paragrafo 2, della direttiva 2014/24/UE; Articolo 46 decreto legislativo 36/2023.
A1_37	Avviso sui risultati di un concorso di progettazione, direttiva settoriale, progettazione. Articolo 96, paragrafo 1, secondo comma, della direttiva 2014/25/UE; Articolo 46 decreto legislativo 36/2023.
A2_29	Avviso aggiudicazione direttiva generale, regime ordinario. Articolo 50 comma 9 decreto legislativo 36/2023.
A2_30	Avviso aggiudicazione direttiva settoriale, regime ordinario. Articolo 50 comma 9 decreto legislativo 36/2023.
A2_31	Avviso aggiudicazione, direttiva settore difesa. Articolo 31, decreto legislativo 208/2011; Articolo 50 comma 9 decreto legislativo 36/2023.
A2_32	Avviso di aggiudicazione di una concessione, direttiva concessioni, regime ordinario. Articolo 187 decreto legislativo 36/2023.
A2_33	Avviso di aggiudicazione di un appalto, direttiva generale, regime allegerito. Articolo 50 comma 9 decreto legislativo 36/2023.
A2_34	Avviso di aggiudicazione di un appalto, direttiva settoriale, regime allegerito. Articolo 50 comma 9 decreto legislativo 36/2023.
A2_35	Avviso di aggiudicazione di una concessione, direttiva concessioni, regime allegerito. Art. 187 decreto legislativo 36/2023.
A2_36	Avviso sui risultati di un concorso di progettazione, direttiva generale, progettazione. Articolo 46 decreto legislativo 36/2023.
A2_37	Avviso sui risultati di un concorso di progettazione, direttiva settoriale, progettazione. Articolo 46 decreto legislativo 36/2023.
A3_1	Contratti esclusi (generale o di tipo accordo quadro). Articolo 10 direttiva 2014/24/UE e articolo 21 direttiva 2014/25/UE.
A3_2	Contratti esclusi in Concessione o Contratti esclusi in Concessione con la tecnica dell'AQ. Articolo 10 direttiva 2014/23/UE.
A3_3	Contratti esclusi - adesione con confronto competitivo.
A3_4	Contraente generale. Artt. 204 e 205 decreto legislativo 36/2023.
A3_5	Scelta del socio privato nella società mista. Articolo 13 c. 3 decreto legislativo 36/2023; Articolo 17 decretolegislativo 175/2016.
A3_6	Affidamento a società in house. Articolo 7 decreto legislativo 36/2023; Articolo 120 comma 3 decreto legislativo 104/2010.
A4_1	PPP - Finanza di progetto. Articolo 182 comma 11 secondo periodo e comma 12 decreto legislativo 36/2023.
A4_2	PPP - Locazione finanziaria. Articolo 182 comma 11 secondo periodo e comma 12 decreto legislativo 36/2023.
A4_3	PPP - Contratto di disponibilità. Articolo 182 comma 11 secondo periodo e comma 12 decreto legislativo 36/2023.
A4_4	PPP - Contratto EPC. Articolo 182 comma 11 secondo periodo e comma 12 decreto legislativo 36/2023.
A4_5	PPP - Concessione di servizi e costruzione e gestione. Articolo 182 comma 11 secondo periodo e comma 12 decreto legislativo 36/2023.
A4_6	PPP - Contratti di partenariato sociale. Articolo 182 comma 11 secondo periodo e comma 12 decreto legislativo 36/2023.
A7_1_1	Aggiudicazione procedura negoziata senza bando pari o sopra soglia. Articolo 76 decreto legislativo 36/2023; Articolo 158 decreto legislativo 36/2023; Articolo 18 decreto legislativo 208/2011; Articolo 127 decreto legislativo 36/2023; Articolo 128 decreto legislativo 36/2023.
A7_1_2	Aggiudicazione procedura negoziata senza bando pari o sopra soglia. Articolo 76 decreto legislativo 36/2023; Articolo 158 decreto legislativo 36/2023; Articolo 18 decreto legislativo 208/2011; Articolo 127 decreto legislativo 36/2023; Articolo 128 decreto legislativo 36/2023.
ABI	Scheda relativa a procedure negoziate per l'acquisizione di beni e servizi infungibili a imprese estere o acquisizione di beni e servizi in modalità e-commerce, senza invio al TED.
AC1	Accordo bonario. Articoli 210 e 211 decreto legislativo 36/2023.
AD1_25	Avviso per la trasparenza volontaria ex ante, direttiva generale. Articolo 3 bis della direttiva 89/665/CEE; Articolo 86 decreto legislativo 36/2023.
AD1_26	Avviso per la trasparenza volontaria ex ante, direttiva settoriale. Articolo 3 bis della direttiva 89/665/CEE; Articolo 86 decreto legislativo 36/2023.
AD1_27	Avviso per la trasparenza volontaria ex ante, direttiva difesa. Articolo 64 della direttiva 2009/81/CE.
AD1_28	Avviso per la trasparenza volontaria ex ante, direttiva concessioni. Articolo 3 bis delle direttive 89/665/CEE e 92/13/CEE; Articolo 86 decreto legislativo 36/2023.
AD2_25	Settori Ordinari - Affidamento di lavori o servizi consistenti nella ripetizione di lavori o servizi analoghi (solo per procedure il cui bando è stato pubblicato entro il 31/12/2023 e che prevedono l'opzione della ripetizione di lavori/ servizi analoghi). Articolo 76 comma 6 decreto legislativo 36/2023.
AD2_26	Settori Speciali - Affidamento di lavori o servizi consistenti nella ripetizione di lavori o servizi analoghi (solo per procedure il cui bando è stato pubblicato entro il 31/12/2023 e che prevedono l'opzione della ripetizione di lavori/ servizi analoghi). Articolo 158 comma 2 lettera f) decreto legislativo 36/2023.
AD2_27	Affidamento diretto sopra la soglia minima e sotto la soglia comunitaria, difesa. Articolo 31 decreto legislativo 208/2011; Articolo 50 comma 1 lettere c) d) e) decreto legislativo 36/2023; Articolo 50 comma 9 decreto legislativo 36/2023.
AD2_28	Affidamento diretto. Articolo 182 comma 7 decreto legislativo 36/2023; Articolo 187 decreto legislativo 36/2023.
AD3	Affidamento diretto >= 5k € e entro i valori ammessi. Articolo 50 comma 9 decreto legislativo 36/2023.
AD4	Appalti e concessioni - Acquisizione del CIG figlio per adesione ad accordo quadro/convenzione senza successivo confronto competitivo (solo per appalti o concessioni affidate con accordi quadro/convenzioni il cui bando è stato pubblicato entro il 31/12/2023). Articolo 59 comma 4 lettera a) decreto legislativo 36/2023;Articolo 154 decreto legislativo 36/2023 Articolo 127 decreto legislativo 36/2023, Articolo 128 comma 6 decreto legislativo 36/2023.
AD5	Affidamento diretto di appalti di importo inferiore a 5.000 euro. Articolo 49 c. 6; Articolo 50 c.1 lett. a) e b) decreto legislativo 36/2023.
ANN	Annullamento affidamento.
AOC	Procedura di affidamento riservata agli Organi Costituzionali. Articolo 224 comma 7 decreto legislativo 36/2023.
AVR	Introduzione comunicazione anagrafica per avvio verifiche requisiti.
C7_3	Chiusura elenco fornitori.
CBI	Scheda di conclusione relativa a procedure negoziate per l'acquisizione di beni e servizi infungibili a imprese estere o acquisizione di beni e servizi in modalità e-commerce.
CL1	Collaudo. Articolo 116 decreto legislativo 36/2023 e allegato II.14.
CM1	Scheda di comunicazione modifica dati della procedura per appalti sopra o pari a 5K euro.
CM2	Scheda di comunicazione modifica dati della procedura per appalti sotto i 5K euro.
CM3	Comunicazione modifica dati della procedura negoziata senza bando.
CO1	Conclusione.
CO2	Conclusione.
COC	Scheda di conclusione per gli Organi Costituzionali.
CS1	Conclusione subappalto. Articolo 119 decreto legislativo 36/2023.
CSDA1	Conclusione Sistema Dinamico di Acquisizione Sopra soglia.
CSDA2	Conclusione Sistema Dinamico di Acquisizione Sotto soglia.
ES1	Esito Richiesta subappalto; Autorizzazione/diniego subappalto. Articolo119 decreto legislativo 36/2023.
I1	Avvio dell'esecuzione.
ID	Scheda per l'integrazione dei dati non essenziali ai fini della pubblicità legale e del flusso della procedura.
IR1	Istanza di recesso.
ISDA1	Istituzione Sistema Dinamico di Acquisizione Sopra soglia. Articolo 32 comma 2, 6 decreto legislativo 36/2023.
ISDA2	Istituzione Sistema Dinamico di Acquisizione Sotto soglia. Articolo 32 comma 2, 6 decreto legislativo 36/2023.
M1	Modifica contrattuale, direttiva generale e direttiva settoriale. Articolo 72, paragrafo 1, della direttiva 2014/24/UE; Articolo 89, paragrafo 1, della direttiva 2014/25/UE; Articolo 141 comma 3 lettera i) decreto legislativo 36/2023; Articolo 120 comma 14 e comma 15 decreto legislativo 36/2023; Articolo 5 comma 11 e comma 12 Allegato II.14.
M1_40	Modifica contrattuale, direttiva concessioni. Articolo 43, paragrafo 1, della direttiva 2014/23/UE; Articolo 189 comma 5 decreto legislativo 36/2023.
M2	Modifica contrattuale sottosoglia, generale e settoriale. Articolo 72, paragrafo 1, della direttiva 2014/24/UE; Articolo 141 comma 3 lettera i) decreto o legislativo 36/2023; Articolo 120 comma 14 e comma 15 decreto legislativo 36/2023; Articolo 5 comma 11 e comma 12 Allegato II.14.
M2_40	Modifica contrattuale sottosoglia, concessioni. Articolo 187 comma 2 decreto legislativo 36/2023; Articolo 189 comma 5 decreto legislativo 36/2023.
NAG	Mancata aggiudicazione di procedura sotto soglia europea.
P1_10	Avviso di preinformazione utilizzato come avviso di indizione di gara — direttiva generale, regime ordinario. Articolo 48, paragrafo 2, della direttiva 2014/24/UE; Articolo 81 comma 2 decreto legislativo 36/2023.
P1_11	Avviso periodico indicativo utilizzato come avviso di indizione di gara — direttiva settoriale, regime ordinario. Articolo 67, paragrafo 2, della direttiva 2014/25/UE; Articolo 155 comma 3 decreto legislativo 36/2023; Articolo 161 comma 2 decreto legislativo 36/2023; Articolo 164 decreto legislativo 36/2023.
P1_12	Avviso di preinformazione utilizzato come avviso di indizione di gara — direttiva generale, regime alleggerito. Articolo 75, paragrafo 1, lettera b), della direttiva 2014/24/UE ; Articolo 127 comma 1 lettera b) decreto legislativo 36/2023.
P1_13	Bando periodico indicativo utilizzato come avviso di indizione di gara — direttiva settoriale, regime alleggerito. Articolo 92, paragrafo 1, lettera b), della direttiva 2014/25/UE; Articolo 173 decreto legislativo 36/2023; Articolo 127 comma 4 deceto legislativo 36/2023.
P1_14	Avviso di preinformazione utilizzato come avviso di indizione di gara — direttiva sulle concessioni, regime alleggerito. Articolo 31, paragrafo 3, della direttiva 2014/23/UE ; Articolo 182.comma 6 decreto legislativo 36/2023.
P1_15_1	Avviso sull'esistenza di un sistema di qualificazione. Articolo 68 della direttiva 2014/25/UE; Articolo 92, paragrafo 1, lettera c), della direttiva 2014/25/UE; Articolo 162 comma 1 decreto legislativo 36/2023; Articolo 164 decreto legislativo 36/2023.
P1_15_2	Avviso sull'esistenza di un sistema di qualificazione con indizione di procedura di scelta del contraente. Articolo 68 della direttiva 2014/25/UE; Articolo 92, paragrafo 1, lettera c), della direttiva 2014/25/UE; Articolo 155 comma 3 lettera b) decreto legislativo 36/2023; Articolo 162 comma 2 decreto legislativo 36/2023; Articolo 164 decreto legislativo 36/2023.
P1_16	Bando di gara — direttiva generale, regime ordinario. Articolo 49 della direttiva 2014/24/UE; Articolo 84 decreto legislativo 36/2023; Articolo 85 decreto legislativo 36/2023.
P1_17	Bando di gara — direttiva settoriale, regime ordinario. Articolo 69 della direttiva 2014/25/UE ; Articolo 155 comma 3 lettera c) decreto legislativo 36/2023; Articolo 163 decreto legislativo 36/2023; Articolo 164 decreto legislativo 36/2023
P1_18	Bando di gara — direttiva per il settore della difesa, regime ordinario. Articolo 30, paragrafo 2, della direttiva 2009/81/CE; Articolo 22 decreto legislativo 208/2011; Articolo 84 decreto legislativo 36/2023; Articolo 85 decreto legislativo 36/2023.
P1_19	Bando di concessione - direttiva sulle concessioni, regime ordinario, PPP. Articolo 31, paragrafo 1, della direttiva 2014/23/UE; Articolo 182 comma 11 primo periodo e comma 12 decreto legislativo 36/2023.
P1_20	Bando di gara — direttiva generale, regime alleggerito. Articolo 75, paragrafo 1, lettera a), della direttiva 2014/24/UE; Articolo 127 comma 1 lettera a) decreto legislativo 36/2023.
P1_21	Avviso di gara — direttiva settoriale, regime alleggerito. Articolo 92, paragrafo 1, lettera a),della direttiva 2014/25/UE; Articolo 173 decreto legislativo 36/2023; Articolo 127 comma 4 deceto legislativo 36/2023.
P1_23	Avviso o bando di concorso di progettazione — direttiva generale, progettazione. Articolo 79, paragrafo 1, della direttiva 2014/24/UE; Articolo 46 decreto legislativo 36/2023.
P1_24	Avviso di concorso di progettazione — direttiva settoriale, progettazione. Articolo 96, paragrafo 1, primo comma, della direttiva 2014/25/UE; Articolo 46 decreto legislativo 36/2023.
P2_10	Avviso di preinformazione utilizzato come avviso di indizione di gara — settori ordinari. Articolo 50, decreto legislativo 36/2023; Articolo 81 comma 2 decreto legislativo 36/2023.
P2_11	Avviso periodico indicativo utilizzato come avviso di indizione di gara — settori speciali. Articolo 50 decreto legislativo 36/2023; Articolo 50 comma 5 decreto legislativo 36/2023.
P2_12	Avviso di preinformazione utilizzato come avviso di indizione di gara — settori ordinari, regime alleggerito. Articolo 50 decreto legislativo 36/2023; Articolo 127 decreto legislativo 36/2023; Articolo 128 comma 8 decreto legislativo 36/2023.
P2_13	Bando periodico indicativo utilizzato come avviso di indizione di gara — settori speciali, regime alleggerito. Articolo 50 comma 5 decreto legislativo 36/2023; Libro III decreto legislativo 36/2023.
P2_14	Avviso di preinformazione utilizzato come avviso di indizione di gara — concessioni, regime alleggerito. Articolo 187 decreto legislativo 36/2023.
P2_16	Bando di gara — settori ordinari. Articolo 50 decreto legislativo 36/2023.
P2_17	Bando di gara — settori speciali. Articolo 50 decreto legislativo 36/2023; Articolo 50 comma 5 decreto legislativo 36/2023.
P2_18	Bando di gara — settore della difesa. Articolo 31 decreto legislativo 208/2011; Articolo 50 comma 1 lettera d) decreto legislativo 36/2023.
P2_19	Bando di concessione - concessioni. Articolo 187 decreto legislativo 36/2023.
P2_20	Bando di gara — settori ordinari, regime alleggerito. Articolo 50 decreto legislativo 36/2023; Articolo 127 decreto legislativo 36/2023; Articolo 128 comma 8 decreto legislativo 36/2023.
P2_21	Avviso di gara - settori speciali, regime alleggerito. Articolo 50 comma 5 decreto legislativo 36/2023; Libro III decreto legislativo 36/2023.
P2_23	Avviso o bando di concorso di progettazione - settori ordinari. Articolo 46 decreto legislativo 36/2023.
P2_24	Avviso di concorso di progettazione - settori speciali. Articolo 46 decreto legislativo 36/2023.
P3_1	Appalti e concorsi di progettazione esclusi. Delibera ANAC n. 584 del 19 dicembre 2023 (solo per i contratti esclusi soggetti a contributo ANAC).
P3_2	Concessioni escluse. Delibera ANAC n. 584 del 19 dicembre 2023 (solo per i contratti esclusi soggetti a contributo ANAC).
P3_3	Contratti esclusi - Acquisizione del CIG figlio per adesione AQ/convenzione con successivo confronto competitivo (solo per procedure il cui bando è stato pubblicato entro il 31/12/2023). Delibera ANAC n. 584 del 19 dicembre 2023
P3_4	Affidamento a contraente generale. Artt. 204 decreto legislativo 36/2023; Articolo 205 comma 6 e comma 7 decreto legislativo 36/2023.
P3_5	Scelta del socio privato nella società mista.
P4_1	PPP - Finanza di progetto. Articolo 31, paragrafo 1, della direttiva 2014/23/UE; Articolo 174 comma 3 decreto legislativo 36/2023; Articolo 182 comma 11 primo periodo e comma 12 decreto legislativo 36/2023.
P4_2	PPP - Locazione finanziaria. Articolo 31, paragrafo 1, della direttiva 2014/23/UE; Articolo 174 comma 3 decreto legislativo 36/2023; Articolo 182 comma 11 primo periodo e comma 12 decreto legislativo 36/2023.
P4_3	PPP - Contratto di disponibilità. Articolo 31, paragrafo 1, della direttiva 2014/23/UE; Articolo 174 comma 3 decreto legislativo 36/2023; Articolo 182 comma 11 primo periodo e comma 12 decreto legislativo 36/2023.
P4_4	PPP - Contratto EPC. Articolo 31, paragrafo 1, della direttiva 2014/23/UE; Articolo 174 comma 3 decreto legislativo 36/2023; Articolo 182 comma 11 primo periodo e comma 12 decreto legislativo 36/2023.
P4_5	PPP - Concessione di servizi e costruzione e gestione. Articolo 31, paragrafo 1, della direttiva 2014/23/UE; Articolo 174 comma 3 decreto legislativo 36/2023; Articolo 182 comma 11 primo periodo e comma 12 decreto legislativo 36/2023.
P4_6	PPP - Contratti di partenariato sociale. Articolo 31, paragrafo 1, della direttiva 2014/23/UE; Articolo 174 comma 3 decreto legislativo 36/2023; Articolo 182 comma 11 primo periodo e comma 12 decreto legislativo 36/2023.
P5	Contratti esclusi o estranei, soggetti a sola tracciabilità. L. 136/2010 e determina n.4/201 aggiornata con delibera n. 585 del 19 dicembre 2023 ( solo per i contratti estranei al Codice e che acquisiscono il CIG solo a fini della tracciabilità) delibera ANAC n. 584 del 19 dicembre 2023 (solo per contratti e concorsi di progettazione esclusi non soggetti a contributo ANAC).
P6_1	Concessioni - Acquisizione del CIG figlio per adesione AQ/convenzione, con successivo confronto competitivo (solo per concessioni affidate con accordi quadro/convenzioni il cui bando è stato pubblicato entro il 31/12/2023.
P6_2	Appalti - Acquisizione del CIG figlio per adesione AQ/convenzione con successivo confronto competitivo (solo per appalti affidati con accordi quadro/convenzioni il cui bando è stato pubblicato entro il 31/12/2023). Articolo 59 comma 4 lettere b) e c) decreto legislativo 36/2023; Articolo 154 decreto legislativo 36/2023 Articolo 127 decreto legislativo 36/2023, Articolo 128 comma 6 decreto legislativo 36/2023.
P7_1_1	Procedura negoziata senza bando pari o sopra soglia. Articolo 76 decreto legislativo 36/2023; Articolo 158 decreto legislativo 36/2023; Articolo 18 decreto legislativo 208/2011; Articolo 127 decreto legislativo 36/2023; Articolo 128 decreto legislativo 36/2023; Artcolo 182 commi 7,8,9 decreto legislativo 36//2023.
P7_1_2	Procedura negoziata senza bando pari o sopra soglia. Articolo 76 decreto legislativo 36/2023; Articolo 158 decreto legislativo 36/2023; Articolo 18 decreto legislativo 208/2011; Articolo 127 decreto legislativo 36/2023; Articolo 128 decreto legislativo 36/2023.
P7_1_3	Procedura negoziata senza bando sottosoglia. Articolo 50 comma 1 lettere c) d) e) decreto legislativo 36/2023; Articolo 2 Allegato II.1; Articolo 50 comma 5 decreto legislativo 36/2023 e Libro III decreto legislativo 36/2023; Articolo 31 decreto legislativo 208/2011; Articolo 187 decreto legislativo 36/2023; Articolo 127 decreto legislativo 36/2023; Articolo 128 comma 8 decreto legislativo 36/2023.
P7_2	Procedura negoziata senza bando; Procedura per appalti specifici in uno SDA. Articolo 76 decreto legislativo 36/2023; Articolo 32 comma 2 decreto legislativo 36/2023; Articolo 50 comma 1 lettere c) d) e) decreto legislativo 36/2023; Articolo 2 Allegato II.1; Articolo 50 comma 5 decreto legislativo 36/2023 e Libro III decreto legislativo 36/2023; Articolo 31 decreto legislativo 208/2011; Articolo 127 decreto legislativo 36/2023; Articolo 128 comma 8 decreto legislativo 36/2023.
P7_3	Avviso per la costituzione elenco. Articolo 50 comma 1 lettere c) d) e) decreto legislativo 36/2023; Articolo 3 Allegato II.1; Articolo 31 decreto legislativo 208/2011.
P8	Procedure negoziate senza bando o adesioni ad AQ soprasoglia.
PL1_1	Avviso di pubblicazione di un avviso di preinformazione relativo al profilo di committente — direttiva generale. Articolo 48, paragrafo 1, della direttiva 2014/24/UE; Articolo 81 comma 1 decreto legislativo 36/2023.
PL1_2	Avviso di pubblicazione di un avviso periodico indicativo relativo al profilo di committente — direttiva settoriale. Articolo 67, paragrafo 1, della direttiva 2014/25/UE; Articolo 161 comma 1 decreto legislativo 36/2023; Articolo 164 decreto legislativo 36/2023.
PL1_3	Avviso di pubblicazione di un avviso di preinformazione relativo al profilo di committente — direttiva per il settore della difesa. Articolo 30, paragrafo 1, terzo comma, della direttiva 2009/81/CE; Articolo 21 decreto legislativo 208/2011; Articolo 81 comma 1 decreto legislativo 36/2023.
PL1_4	Avviso di preinformazione a fini unicamente informativi — direttiva generale. Articolo 48, paragrafo 1, della direttiva 2014/24/UE; Articolo 81 comma 1 decreto legislativo 36/2023.
PL1_5	Avviso periodico indicativo a fini unicamente informativi — direttiva settoriale. Articolo 67, paragrafo 1, della direttiva 2014/25/UE; Articolo 161 comma 1 decreto legislativo 36/2023.
PL1_6	Avviso di preinformazione a fini unicamente informativi — direttiva per il settore della difesa. Articolo 30, paragrafo 1, della direttiva 2009/81/CE escluso/difesa; Articolo 21 decreto legislativo 208/2011; Articolo 81 comma 1 decreto legislativo 36/2023.
PL1_7	Avviso di preinformazione utilizzato per abbreviare i termini per la ricezione delle offerte — direttiva generale. Articolo 27, paragrafo 2, della direttiva 2014/24/UE; Articolo 28, paragrafo 3, della direttiva 2014/24/UE; Articolo 81 comma 1 decretolegislativo 36/2023.
PL1_8	Avviso di preinformazione utilizzato per abbreviare i termini per la ricezione delle offerte — direttiva settoriale. Articolo 45, paragrafo 2, della direttiva 2014/25/UE; Articolo 153 decreto legislativo 36/2023; Articolo 161 comma 2 decreto legislativo 36/2023; Articolo 164 decreto legislativo 36/2023.
PL1_9	Avviso di preinformazione utilizzato per abbreviare i termini per la ricezione delle offerte — direttiva per il settore della difesa. Articolo 33, paragrafo 3, della direttiva 2009/81/CE; Articolo 21 comma 4 decretolegislativo 208/2011; Articolo 81 comma 1 decreto legislativo 36/2023.
PL2_1	Avviso di pubblicazione di un avviso di preinformazione relativo al profilo di committente — settori ordinari. Articolo 50 decreto legislativo 36/2023; Articolo 81 comma 1 decreto legislativo 36/2023.
PL2_2	Avviso di pubblicazione di un avviso periodico indicativo relativo al profilo di committente — settori speciali. Articolo 50 decreto legislativo 36/2023; Articolo 50 comma 5 decreto legislativo 36/2023.
PL2_3	Avviso di pubblicazione di un avviso di preinformazione relativo al profilo di committente — direttiva per il settore della difesa. Articolo 31 decreto legislativo 208/2011; Articolo 50 decreto legislativo 36/2023; Articolo 81 comma 1 decreto legislativo 36/2023.
PL2_7	Avviso di preinformazione utilizzato per abbreviare i termini per la ricezione delle offerte — settori ordinari. Articolo 50 comma 1 lett. d) decreto legislativo 36/2023; Articolo 81 comma 1 decreto legislativo 36/2023.
PL2_8	Avviso di preinformazione utilizzato per abbreviare i termini per la ricezione delle offerte — settori speciali. Articolo 50 decreto legislativo 36/2023; Articolo 50 comma 5 decreto legislativo 36/2023.
PL2_9	Avviso di preinformazione utilizzato per abbreviare i termini per la ricezione delle offerte — settore della difesa. Articolo 31 decreto legislativo 208/2011; Articolo 50 comma 1 lett. d) decreto legislativo 36/2023; Articolo 81 comma 1 decreto legislativo 36/2023.
RI1	Ripresa Prestazione. Articolo 121 decreto legislativo 36/2023.
RSU1	Comunicazione richiesta di subappalto per qualunque procedura. Articolo 119 decreto legislativo 36/2023.
S0	Elenco richieste di adesione SDA. Articolo 32 comma 7 decreto legislativo 36/2023.
S1	Elenco dei soggetti che hanno manifestato interesse nelle procedure a due fasi.
S1_2	Elenco dei soggetti invitati.
S2	Elenco offerte ricevute/OE invitati.
S2R	Rettifica/Integrazione scheda S2.
S3	Elenco dei soggetti incaricati della progettazione.
S4	Variazione Aggiudicatari/Costituzione della società di scopo.
SA1	Stato Avanzamento lavori per qualunque procedura.
SC1	Sottoscrizione del contratto.
SE	Elenco richieste di adesione all'elenco fornitori.
SO1	Sospensione in fase di esecuzione per qualunque procedura. Articolo 121 decreto legislativo 36/2023.
SOC	Scheda di richiesta subappalto per gli Organi Costituzionali.
SQ1	Superamento del quarto del tempo contrattuale. Articolo 121 decreto legislativo 36/2023.
TVR	Comunicazione di Termine Verifiche Requisiti FVOE.
